{
  "faithfulness": 0.6976666666666667,
  "context_precision": 0.3930718953946287,
  "context_recall": 0.735
}