{
  "faithfulness": 0.724679834054834,
  "context_precision": 0.46747985028498246,
  "context_recall": 0.72
}