{
  "dataset": "nfcorpus",
  "dataset_path": "D:\\code\\rag\\FSR\\data\\nfcorpus",
  "queries": 323,
  "retrieved_queries": 323,
  "top_k_docs": 50,
  "retrieval_elapsed_sec": 1705.463,
  "query_type_stats": {
    "fuzzy": 176,
    "simple": 133,
    "complex": 14
  },
  "generation_doc_agg_mode": "max",
  "generation_score_key": "critique_score",
  "metrics_rerank_docs": {
    "NDCG": {
      "NDCG@1": 0.4613,
      "NDCG@3": 0.41927,
      "NDCG@5": 0.39279,
      "NDCG@10": 0.36414,
      "NDCG@20": 0.34839,
      "NDCG@50": 0.31101,
      "NDCG@100": 0.29382
    },
    "MAP": {
      "MAP@1": 0.06312,
      "MAP@3": 0.10596,
      "MAP@5": 0.12045,
      "MAP@10": 0.14063,
      "MAP@20": 0.15824,
      "MAP@50": 0.16504,
      "MAP@100": 0.16504
    },
    "Recall": {
      "Recall@1": 0.06312,
      "Recall@3": 0.11557,
      "Recall@5": 0.14035,
      "Recall@10": 0.17521,
      "Recall@20": 0.22687,
      "Recall@50": 0.2576,
      "Recall@100": 0.2576
    },
    "Precision": {
      "P@1": 0.47678,
      "P@3": 0.39525,
      "P@5": 0.33498,
      "P@10": 0.26904,
      "P@20": 0.20929,
      "P@50": 0.10297,
      "P@100": 0.05149
    }
  },
  "metrics_generation_chunks_aggregated_to_docs": {
    "NDCG": {
      "NDCG@1": 0.39009,
      "NDCG@3": 0.3851,
      "NDCG@5": 0.372,
      "NDCG@10": 0.35128,
      "NDCG@20": 0.30057,
      "NDCG@50": 0.25205,
      "NDCG@100": 0.24025
    },
    "MAP": {
      "MAP@1": 0.0564,
      "MAP@3": 0.09568,
      "MAP@5": 0.11027,
      "MAP@10": 0.13051,
      "MAP@20": 0.1355,
      "MAP@50": 0.1355,
      "MAP@100": 0.1355
    },
    "Recall": {
      "Recall@1": 0.0564,
      "Recall@3": 0.11412,
      "Recall@5": 0.13796,
      "Recall@10": 0.17817,
      "Recall@20": 0.18981,
      "Recall@50": 0.18981,
      "Recall@100": 0.18981
    },
    "Precision": {
      "P@1": 0.40557,
      "P@3": 0.36842,
      "P@5": 0.32755,
      "P@10": 0.26316,
      "P@20": 0.15433,
      "P@50": 0.06173,
      "P@100": 0.03087
    }
  }
}