{
  "faithfulness": 0.6951666666666667,
  "context_precision": 0.5474971064473148,
  "context_recall": 0.805
}