{
  "faithfulness": 0.7421583485958485,
  "context_precision": 0.4388244558674388,
  "context_recall": 0.725
}