{
  "faithfulness": 0.697025641025641,
  "context_precision": 0.4518445032007911,
  "context_recall": 0.73
}