{
  "faithfulness": 0.7398578721115485,
  "context_precision": 0.4585409507133674,
  "context_recall": 0.735
}